period,keyword,tfidf_score,frequency,document_count,document_share,period_order,document_share_change,tfidf_score_change,document_share_growth_rate
2026-01_02,adopt hydrogen,0.0,0.0,0.0,0.0,0,0.0,0.0,0.0
2026-03_04,adopt hydrogen,0.121974,26.0,2.0,0.095238,1,0.095238,0.121974,95238.00000000001
2026-05_06,adopt hydrogen,0.0,0.0,0.0,0.0,2,-0.095238,-0.121974,-0.9999895000997491
2026-01_02,aircraft,0.325383,55.0,3.0,0.142857,0,0.0,0.0,142857.00000000003
2026-03_04,aircraft,0.145883,27.0,2.0,0.095238,1,-0.04761900000000001,-0.17949999999999997,-0.33333100001399996
2026-05_06,aircraft,0.440841,82.0,2.0,0.133333,2,0.038095000000000004,0.29495799999999994,0.39999370005984947
2026-01_02,ammonia,0.569361,128.0,5.0,0.238095,0,0.0,0.0,238095.0
2026-03_04,ammonia,0.0,0.0,0.0,0.0,1,-0.238095,-0.569361,-0.9999958000134399
2026-05_06,ammonia,0.203512,44.0,2.0,0.133333,2,0.133333,0.203512,133333.0
2026-01_02,ammonia plants,0.03866,6.0,2.0,0.095238,0,0.0,0.0,95238.00000000001
2026-03_04,ammonia plants,0.0,0.0,0.0,0.0,1,-0.095238,-0.03866,-0.9999895000997491
2026-05_06,ammonia plants,0.0,0.0,0.0,0.0,2,0.0,0.0,0.0
2026-01_02,ammonia production,0.21523,57.0,4.0,0.190476,0,0.0,0.0,190476.00000000003
2026-03_04,ammonia production,0.0,0.0,0.0,0.0,1,-0.190476,-0.21523,-0.9999947500223124
2026-05_06,ammonia production,0.0,0.0,0.0,0.0,2,0.0,0.0,0.0
2026-01_02,aviation,0.645621,110.0,5.0,0.238095,0,0.0,0.0,238095.0
2026-03_04,aviation,0.602581,111.0,2.0,0.095238,1,-0.142857,-0.04303999999999997,-0.599997480008064
2026-05_06,aviation,0.354673,107.0,3.0,0.2,2,0.10476200000000001,-0.24790800000000002,1.0999905500897742
2026-01_02,aviation fuel,0.19861,18.0,2.0,0.095238,0,0.0,0.0,95238.00000000001
2026-03_04,aviation fuel,0.0,0.0,0.0,0.0,1,-0.095238,-0.19861,-0.9999895000997491
2026-05_06,aviation fuel,0.0,0.0,0.0,0.0,2,0.0,0.0,0.0
2026-01_02,aviation sector,0.171999,21.0,2.0,0.095238,0,0.0,0.0,95238.00000000001
2026-03_04,aviation sector,0.0,0.0,0.0,0.0,1,-0.095238,-0.171999,-0.9999895000997491
2026-05_06,aviation sector,0.0,0.0,0.0,0.0,2,0.0,0.0,0.0
2026-01_02,battery electric fuel cell,0.0,0.0,0.0,0.0,0,0.0,0.0,0.0
2026-03_04,battery electric fuel cell,0.0,0.0,0.0,0.0,1,0.0,0.0,0.0
2026-05_06,battery electric fuel cell,0.074555,8.0,1.0,0.066667,2,0.066667,0.074555,66667.00000000001
2026-01_02,battery storage,0.109281,25.0,2.0,0.095238,0,0.0,0.0,95238.00000000001
2026-03_04,battery storage,0.0,0.0,0.0,0.0,1,-0.095238,-0.109281,-0.9999895000997491
2026-05_06,battery storage,0.0,0.0,0.0,0.0,2,0.0,0.0,0.0
2026-01_02,bipartisan infrastructure,0.091349,13.0,2.0,0.095238,0,0.0,0.0,95238.00000000001
2026-03_04,bipartisan infrastructure,0.0,0.0,0.0,0.0,1,-0.095238,-0.091349,-0.9999895000997491
2026-05_06,bipartisan infrastructure,0.0,0.0,0.0,0.0,2,0.0,0.0,0.0
2026-01_02,bipartisan infrastructure law,0.091349,13.0,2.0,0.095238,0,0.0,0.0,95238.00000000001
2026-03_04,bipartisan infrastructure law,0.0,0.0,0.0,0.0,1,-0.095238,-0.091349,-0.9999895000997491
2026-05_06,bipartisan infrastructure law,0.0,0.0,0.0,0.0,2,0.0,0.0,0.0
2026-01_02,blending hydrogen,0.0,0.0,0.0,0.0,0,0.0,0.0,0.0
2026-03_04,blending hydrogen,0.0,0.0,0.0,0.0,1,0.0,0.0,0.0
2026-05_06,blending hydrogen,0.041185,5.0,1.0,0.066667,2,0.066667,0.041185,66667.00000000001
2026-01_02,blown hydrogen,0.0,0.0,0.0,0.0,0,0.0,0.0,0.0
2026-03_04,blown hydrogen,0.055154,10.0,2.0,0.095238,1,0.095238,0.055154,95238.00000000001
2026-05_06,blown hydrogen,0.0,0.0,0.0,0.0,2,-0.095238,-0.055154,-0.9999895000997491
2026-01_02,blue hydrogen,0.381682,82.0,4.0,0.190476,0,0.0,0.0,190476.00000000003
2026-03_04,blue hydrogen,0.0,0.0,0.0,0.0,1,-0.190476,-0.381682,-0.9999947500223124
2026-05_06,blue hydrogen,0.084569,17.0,3.0,0.2,2,0.2,0.084569,200000.00000000003
2026-01_02,broader hydrogen,0.060968,10.0,2.0,0.095238,0,0.0,0.0,95238.00000000001
2026-03_04,broader hydrogen,0.0,0.0,0.0,0.0,1,-0.095238,-0.060968,-0.9999895000997491
2026-05_06,broader hydrogen,0.0,0.0,0.0,0.0,2,0.0,0.0,0.0
2026-01_02,budding hydrogen,0.0,0.0,0.0,0.0,0,0.0,0.0,0.0
2026-03_04,budding hydrogen,0.0,0.0,0.0,0.0,1,0.0,0.0,0.0
2026-05_06,budding hydrogen,0.089635,14.0,2.0,0.133333,2,0.133333,0.089635,133333.0
2026-01_02,capacity green hydrogen,0.11928,9.0,1.0,0.047619,0,0.0,0.0,47619.00000000001
2026-03_04,capacity green hydrogen,0.0,0.0,0.0,0.0,1,-0.047619,-0.11928,-0.9999790004199915
2026-05_06,capacity green hydrogen,0.0,0.0,0.0,0.0,2,0.0,0.0,0.0
2026-01_02,carbon hydrogen,0.298123,78.0,4.0,0.190476,0,0.0,0.0,190476.00000000003
2026-03_04,carbon hydrogen,0.0,0.0,0.0,0.0,1,-0.190476,-0.298123,-0.9999947500223124
2026-05_06,carbon hydrogen,0.115374,21.0,3.0,0.2,2,0.2,0.115374,200000.00000000003
2026-01_02,change hydrogen,0.0,0.0,0.0,0.0,0,0.0,0.0,0.0
2026-03_04,change hydrogen,0.0,0.0,0.0,0.0,1,0.0,0.0,0.0
2026-05_06,change hydrogen,0.023264,1.0,1.0,0.066667,2,0.066667,0.023264,66667.00000000001
2026-01_02,chapter hydrogen,0.0,0.0,0.0,0.0,0,0.0,0.0,0.0
2026-03_04,chapter hydrogen,0.0,0.0,0.0,0.0,1,0.0,0.0,0.0
2026-05_06,chapter hydrogen,0.138401,72.0,1.0,0.066667,2,0.066667,0.138401,66667.00000000001
2026-01_02,clean green hydrogen,0.0,0.0,0.0,0.0,0,0.0,0.0,0.0
2026-03_04,clean green hydrogen,0.085516,11.0,2.0,0.095238,1,0.095238,0.085516,95238.00000000001
2026-05_06,clean green hydrogen,0.0,0.0,0.0,0.0,2,-0.095238,-0.085516,-0.9999895000997491
2026-01_02,clean hydrogen,0.377198,76.0,5.0,0.238095,0,0.0,0.0,238095.0
2026-03_04,clean hydrogen,0.146232,35.0,3.0,0.142857,1,-0.09523799999999999,-0.23096599999999998,-0.39999832000537594
2026-05_06,clean hydrogen,0.34903,123.0,10.0,0.666667,2,0.52381,0.202798,3.6666480001119988
2026-01_02,clean hydrogen infrastructure,0.0,0.0,0.0,0.0,0,0.0,0.0,0.0
2026-03_04,clean hydrogen infrastructure,0.0,0.0,0.0,0.0,1,0.0,0.0,0.0
2026-05_06,clean hydrogen infrastructure,0.111141,9.0,1.0,0.066667,2,0.066667,0.111141,66667.00000000001
2026-01_02,clean hydrogen offtake,0.0,0.0,0.0,0.0,0,0.0,0.0,0.0
2026-03_04,clean hydrogen offtake,0.0,0.0,0.0,0.0,1,0.0,0.0,0.0
2026-05_06,clean hydrogen offtake,0.124514,26.0,2.0,0.133333,2,0.133333,0.124514,133333.0
2026-01_02,clean hydrogen offtake agreements,0.0,0.0,0.0,0.0,0,0.0,0.0,0.0
2026-03_04,clean hydrogen offtake agreements,0.0,0.0,0.0,0.0,1,0.0,0.0,0.0
2026-05_06,clean hydrogen offtake agreements,0.094872,19.0,2.0,0.133333,2,0.133333,0.094872,133333.0
2026-01_02,clean hydrogen production,0.062474,12.0,3.0,0.142857,0,0.0,0.0,142857.00000000003
2026-03_04,clean hydrogen production,0.047817,11.0,2.0,0.095238,1,-0.04761900000000001,-0.014657000000000003,-0.33333100001399996
2026-05_06,clean hydrogen production,0.0,0.0,0.0,0.0,2,-0.095238,-0.047817,-0.9999895000997491
2026-01_02,clean hydrogen production tax,0.043454,9.0,2.0,0.095238,0,0.0,0.0,95238.00000000001
2026-03_04,clean hydrogen production tax,0.0,0.0,0.0,0.0,1,-0.095238,-0.043454,-0.9999895000997491
2026-05_06,clean hydrogen production tax,0.0,0.0,0.0,0.0,2,0.0,0.0,0.0
2026-01_02,clear hydrogen,0.0,0.0,0.0,0.0,0,0.0,0.0,0.0
2026-03_04,clear hydrogen,0.0,0.0,0.0,0.0,1,0.0,0.0,0.0
2026-05_06,clear hydrogen,0.138476,11.0,1.0,0.066667,2,0.066667,0.138476,66667.00000000001
2026-01_02,come hydrogen,0.0,0.0,0.0,0.0,0,0.0,0.0,0.0
2026-03_04,come hydrogen,0.0,0.0,0.0,0.0,1,0.0,0.0,0.0
2026-05_06,come hydrogen,0.026834,1.0,1.0,0.066667,2,0.066667,0.026834,66667.00000000001
2026-01_02,commercial aircraft,0.07813,1.0,1.0,0.047619,0,0.0,0.0,47619.00000000001
2026-03_04,commercial aircraft,0.0,0.0,0.0,0.0,1,-0.047619,-0.07813,-0.9999790004199915
2026-05_06,commercial aircraft,0.0,0.0,0.0,0.0,2,0.0,0.0,0.0
2026-01_02,cutting edge fuel cell,0.0,0.0,0.0,0.0,0,0.0,0.0,0.0
2026-03_04,cutting edge fuel cell,0.0,0.0,0.0,0.0,1,0.0,0.0,0.0
2026-05_06,cutting edge fuel cell,0.131444,26.0,2.0,0.133333,2,0.133333,0.131444,133333.0
2026-01_02,domestic hydrogen,0.0,0.0,0.0,0.0,0,0.0,0.0,0.0
2026-03_04,domestic hydrogen,0.112253,21.0,2.0,0.095238,1,0.095238,0.112253,95238.00000000001
2026-05_06,domestic hydrogen,0.0,0.0,0.0,0.0,2,-0.095238,-0.112253,-0.9999895000997491
2026-01_02,duty transport,0.0,0.0,0.0,0.0,0,0.0,0.0,0.0
2026-03_04,duty transport,0.065148,14.0,2.0,0.095238,1,0.095238,0.065148,95238.00000000001
2026-05_06,duty transport,0.059923,12.0,2.0,0.133333,2,0.038095000000000004,-0.0052250000000000005,0.39999370005984947
2026-01_02,duty trucks steel,0.011569,3.0,2.0,0.095238,0,0.0,0.0,95238.00000000001
2026-03_04,duty trucks steel,0.0,0.0,0.0,0.0,1,-0.095238,-0.011569,-0.9999895000997491
2026-05_06,duty trucks steel,0.0,0.0,0.0,0.0,2,0.0,0.0,0.0
2026-01_02,duty trucks steel mills,0.011569,3.0,2.0,0.095238,0,0.0,0.0,95238.00000000001
2026-03_04,duty trucks steel mills,0.0,0.0,0.0,0.0,1,-0.095238,-0.011569,-0.9999895000997491
2026-05_06,duty trucks steel mills,0.0,0.0,0.0,0.0,2,0.0,0.0,0.0
2026-01_02,edge fuel cell,0.0,0.0,0.0,0.0,0,0.0,0.0,0.0
2026-03_04,edge fuel cell,0.0,0.0,0.0,0.0,1,0.0,0.0,0.0
2026-05_06,edge fuel cell,0.131444,26.0,2.0,0.133333,2,0.133333,0.131444,133333.0
2026-01_02,electric fuel cell,0.0,0.0,0.0,0.0,0,0.0,0.0,0.0
2026-03_04,electric fuel cell,0.0,0.0,0.0,0.0,1,0.0,0.0,0.0
2026-05_06,electric fuel cell,0.074555,8.0,1.0,0.066667,2,0.066667,0.074555,66667.00000000001
2026-01_02,electrolysis,0.277781,88.0,9.0,0.428571,0,0.0,0.0,428571.0
2026-03_04,electrolysis,0.539795,154.0,9.0,0.428571,1,0.0,0.262014,0.0
2026-05_06,electrolysis,0.305874,116.0,9.0,0.6,2,0.171429,-0.23392100000000005,0.4000004666660446
2026-01_02,electrolyzer,0.43209,145.0,9.0,0.428571,0,0.0,0.0,428571.0
2026-03_04,electrolyzer,0.318177,94.0,9.0,0.428571,1,0.0,-0.11391299999999999,0.0
2026-05_06,electrolyzer,0.334422,91.0,7.0,0.466667,2,0.03809600000000002,0.01624500000000001,0.08889054814593589
2026-01_02,energy hydrogen,0.0,0.0,0.0,0.0,0,0.0,0.0,0.0
2026-03_04,energy hydrogen,0.0,0.0,0.0,0.0,1,0.0,0.0,0.0
2026-05_06,energy hydrogen,0.022584,5.0,1.0,0.066667,2,0.066667,0.022584,66667.00000000001
2026-01_02,energy infrastructure,0.120982,24.0,2.0,0.095238,0,0.0,0.0,95238.00000000001
2026-03_04,energy infrastructure,0.0,0.0,0.0,0.0,1,-0.095238,-0.120982,-0.9999895000997491
2026-05_06,energy infrastructure,0.0,0.0,0.0,0.0,2,0.0,0.0,0.0
2026-01_02,energy storage,0.0,0.0,0.0,0.0,0,0.0,0.0,0.0
2026-03_04,energy storage,0.185644,30.0,3.0,0.142857,1,0.142857,0.185644,142857.00000000003
2026-05_06,energy storage,0.096137,14.0,2.0,0.133333,2,-0.009524000000000005,-0.089507,-0.06666759999440008
2026-01_02,ev hydrogen,0.06129,1.0,1.0,0.047619,0,0.0,0.0,47619.00000000001
2026-03_04,ev hydrogen,0.0,0.0,0.0,0.0,1,-0.047619,-0.06129,-0.9999790004199915
2026-05_06,ev hydrogen,0.0,0.0,0.0,0.0,2,0.0,0.0,0.0
2026-01_02,exporting hydrogen,0.0,0.0,0.0,0.0,0,0.0,0.0,0.0
2026-03_04,exporting hydrogen,0.0,0.0,0.0,0.0,1,0.0,0.0,0.0
2026-05_06,exporting hydrogen,0.065144,12.0,2.0,0.133333,2,0.133333,0.065144,133333.0
2026-01_02,fast refueling,0.072933,10.0,2.0,0.095238,0,0.0,0.0,95238.00000000001
2026-03_04,fast refueling,0.0,0.0,0.0,0.0,1,-0.095238,-0.072933,-0.9999895000997491
2026-05_06,fast refueling,0.0,0.0,0.0,0.0,2,0.0,0.0,0.0
2026-01_02,federal hydrogen,0.097022,20.0,2.0,0.095238,0,0.0,0.0,95238.00000000001
2026-03_04,federal hydrogen,0.0,0.0,0.0,0.0,1,-0.095238,-0.097022,-0.9999895000997491
2026-05_06,federal hydrogen,0.0,0.0,0.0,0.0,2,0.0,0.0,0.0
2026-01_02,fuel cell,0.887055,266.0,13.0,0.619048,0,0.0,0.0,619048.0000000001
2026-03_04,fuel cell,1.001737,294.0,12.0,0.571429,1,-0.04761900000000008,0.11468200000000006,-0.07692282840292142
2026-05_06,fuel cell,0.768939,320.0,9.0,0.6,2,0.028571000000000013,-0.23279800000000006,0.04999912500218762
2026-01_02,fuel cell electric,0.0,0.0,0.0,0.0,0,0.0,0.0,0.0
2026-03_04,fuel cell electric,0.09826,13.0,2.0,0.095238,1,0.095238,0.09826,95238.00000000001
2026-05_06,fuel cell electric,0.118453,28.0,2.0,0.133333,2,0.038095000000000004,0.020193000000000003,0.39999370005984947
2026-01_02,fuel cell powered,0.0,0.0,0.0,0.0,0,0.0,0.0,0.0
2026-03_04,fuel cell powered,0.060979,8.0,3.0,0.142857,1,0.142857,0.060979,142857.00000000003
2026-05_06,fuel cell powered,0.0,0.0,0.0,0.0,2,-0.142857,-0.060979,-0.9999930000419998
2026-01_02,fuel cell research,0.0,0.0,0.0,0.0,0,0.0,0.0,0.0
2026-03_04,fuel cell research,0.0,0.0,0.0,0.0,1,0.0,0.0,0.0
2026-05_06,fuel cell research,0.135153,37.0,3.0,0.2,2,0.2,0.135153,200000.00000000003
2026-01_02,fuel cell solutions,0.048819,10.0,2.0,0.095238,0,0.0,0.0,95238.00000000001
2026-03_04,fuel cell solutions,0.0,0.0,0.0,0.0,1,-0.095238,-0.048819,-0.9999895000997491
2026-05_06,fuel cell solutions,0.0,0.0,0.0,0.0,2,0.0,0.0,0.0
2026-01_02,fuel cell stack,0.0,0.0,0.0,0.0,0,0.0,0.0,0.0
2026-03_04,fuel cell stack,0.0,0.0,0.0,0.0,1,0.0,0.0,0.0
2026-05_06,fuel cell stack,0.039466,10.0,2.0,0.133333,2,0.133333,0.039466,133333.0
2026-01_02,fuel cell stacks,0.120293,19.0,3.0,0.142857,0,0.0,0.0,142857.00000000003
2026-03_04,fuel cell stacks,0.059886,9.0,3.0,0.142857,1,0.0,-0.060406999999999995,0.0
2026-05_06,fuel cell stacks,0.156805,48.0,2.0,0.133333,2,-0.009524000000000005,0.096919,-0.06666759999440008
2026-01_02,fuel cell systems,0.0,0.0,0.0,0.0,0,0.0,0.0,0.0
2026-03_04,fuel cell systems,0.115935,21.0,2.0,0.095238,1,0.095238,0.115935,95238.00000000001
2026-05_06,fuel cell systems,0.122062,27.0,3.0,0.2,2,0.10476200000000001,0.0061270000000000074,1.0999905500897742
2026-01_02,fuel cell technology,0.415244,76.0,7.0,0.333333,0,0.0,0.0,333333.0
2026-03_04,fuel cell technology,0.416929,88.0,6.0,0.285714,1,-0.04761899999999997,0.001684999999999992,-0.14285671428657132
2026-05_06,fuel cell technology,0.117859,26.0,3.0,0.2,2,-0.08571400000000001,-0.29907,-0.29999825000437497
2026-01_02,fuel cell technology isn,0.023886,3.0,2.0,0.095238,0,0.0,0.0,95238.00000000001
2026-03_04,fuel cell technology isn,0.0,0.0,0.0,0.0,1,-0.095238,-0.023886,-0.9999895000997491
2026-05_06,fuel cell technology isn,0.0,0.0,0.0,0.0,2,0.0,0.0,0.0
2026-01_02,fuel cell technology powers,0.045306,9.0,3.0,0.142857,0,0.0,0.0,142857.00000000003
2026-03_04,fuel cell technology powers,0.0,0.0,0.0,0.0,1,-0.142857,-0.045306,-0.9999930000419998
2026-05_06,fuel cell technology powers,0.0,0.0,0.0,0.0,2,0.0,0.0,0.0
2026-01_02,fuel cell trucks,0.085123,14.0,2.0,0.095238,0,0.0,0.0,95238.00000000001
2026-03_04,fuel cell trucks,0.0,0.0,0.0,0.0,1,-0.095238,-0.085123,-0.9999895000997491
2026-05_06,fuel cell trucks,0.0,0.0,0.0,0.0,2,0.0,0.0,0.0
2026-01_02,fuel cells,0.585221,199.0,13.0,0.619048,0,0.0,0.0,619048.0000000001
2026-03_04,fuel cells,0.81879,227.0,9.0,0.428571,1,-0.19047700000000006,0.23356900000000003,-0.30769292899269707
2026-05_06,fuel cells,0.438878,145.0,8.0,0.533333,2,0.10476199999999997,-0.379912,0.24444434074087917
2026-01_02,gas hydrogen,0.0,0.0,0.0,0.0,0,0.0,0.0,0.0
2026-03_04,gas hydrogen,0.057092,3.0,1.0,0.047619,1,0.047619,0.057092,47619.00000000001
2026-05_06,gas hydrogen,0.0,0.0,0.0,0.0,2,-0.047619,-0.057092,-0.9999790004199915
2026-01_02,gas infrastructure,0.0,0.0,0.0,0.0,0,0.0,0.0,0.0
2026-03_04,gas infrastructure,0.090044,10.0,2.0,0.095238,1,0.095238,0.090044,95238.00000000001
2026-05_06,gas infrastructure,0.0,0.0,0.0,0.0,2,-0.095238,-0.090044,-0.9999895000997491
2026-01_02,gas storage,0.091235,11.0,1.0,0.047619,0,0.0,0.0,47619.00000000001
2026-03_04,gas storage,0.0,0.0,0.0,0.0,1,-0.047619,-0.091235,-0.9999790004199915
2026-05_06,gas storage,0.0,0.0,0.0,0.0,2,0.0,0.0,0.0
2026-01_02,gas turbine,0.0,0.0,0.0,0.0,0,0.0,0.0,0.0
2026-03_04,gas turbine,0.043188,5.0,2.0,0.095238,1,0.095238,0.043188,95238.00000000001
2026-05_06,gas turbine,0.0,0.0,0.0,0.0,2,-0.095238,-0.043188,-0.9999895000997491
2026-01_02,gaseous hydrogen,0.0,0.0,0.0,0.0,0,0.0,0.0,0.0
2026-03_04,gaseous hydrogen,0.0,0.0,0.0,0.0,1,0.0,0.0,0.0
2026-05_06,gaseous hydrogen,0.075058,15.0,2.0,0.133333,2,0.133333,0.075058,133333.0
2026-01_02,gen hydrogen,0.096543,7.0,2.0,0.095238,0,0.0,0.0,95238.00000000001
2026-03_04,gen hydrogen,0.0,0.0,0.0,0.0,1,-0.095238,-0.096543,-0.9999895000997491
2026-05_06,gen hydrogen,0.0,0.0,0.0,0.0,2,0.0,0.0,0.0
2026-01_02,gen hydrogen production,0.096543,7.0,2.0,0.095238,0,0.0,0.0,95238.00000000001
2026-03_04,gen hydrogen production,0.0,0.0,0.0,0.0,1,-0.095238,-0.096543,-0.9999895000997491
2026-05_06,gen hydrogen production,0.0,0.0,0.0,0.0,2,0.0,0.0,0.0
2026-01_02,generation hydrogen,0.0,0.0,0.0,0.0,0,0.0,0.0,0.0
2026-03_04,generation hydrogen,0.032823,3.0,2.0,0.095238,1,0.095238,0.032823,95238.00000000001
2026-05_06,generation hydrogen,0.0,0.0,0.0,0.0,2,-0.095238,-0.032823,-0.9999895000997491
2026-01_02,generation hydrogen fuel,0.0,0.0,0.0,0.0,0,0.0,0.0,0.0
2026-03_04,generation hydrogen fuel,0.032823,3.0,2.0,0.095238,1,0.095238,0.032823,95238.00000000001
2026-05_06,generation hydrogen fuel,0.0,0.0,0.0,0.0,2,-0.095238,-0.032823,-0.9999895000997491
2026-01_02,geologic hydrogen,0.430404,119.0,2.0,0.095238,0,0.0,0.0,95238.00000000001
2026-03_04,geologic hydrogen,0.0,0.0,0.0,0.0,1,-0.095238,-0.430404,-0.9999895000997491
2026-05_06,geologic hydrogen,0.0,0.0,0.0,0.0,2,0.0,0.0,0.0
2026-01_02,geologic hydrogen exploration,0.021286,4.0,2.0,0.095238,0,0.0,0.0,95238.00000000001
2026-03_04,geologic hydrogen exploration,0.0,0.0,0.0,0.0,1,-0.095238,-0.021286,-0.9999895000997491
2026-05_06,geologic hydrogen exploration,0.0,0.0,0.0,0.0,2,0.0,0.0,0.0
2026-01_02,global hydrogen,0.137228,27.0,2.0,0.095238,0,0.0,0.0,95238.00000000001
2026-03_04,global hydrogen,0.161106,25.0,2.0,0.095238,1,0.0,0.02387800000000001,0.0
2026-05_06,global hydrogen,0.0,0.0,0.0,0.0,2,-0.095238,-0.161106,-0.9999895000997491
2026-01_02,green hydrogen,0.626281,244.0,12.0,0.571429,0,0.0,0.0,571429.0
2026-03_04,green hydrogen,1.053691,329.0,14.0,0.666667,1,0.09523800000000004,0.42740999999999996,0.16666608333479171
2026-05_06,green hydrogen,0.638491,257.0,11.0,0.733333,2,0.066666,-0.4151999999999999,0.09999880000239991
2026-01_02,green hydrogen costs,0.106765,19.0,2.0,0.095238,0,0.0,0.0,95238.00000000001
2026-03_04,green hydrogen costs,0.0,0.0,0.0,0.0,1,-0.095238,-0.106765,-0.9999895000997491
2026-05_06,green hydrogen costs,0.0,0.0,0.0,0.0,2,0.0,0.0,0.0
2026-01_02,green hydrogen electrolysis,0.0,0.0,0.0,0.0,0,0.0,0.0,0.0
2026-03_04,green hydrogen electrolysis,0.026285,1.0,1.0,0.047619,1,0.047619,0.026285,47619.00000000001
2026-05_06,green hydrogen electrolysis,0.0,0.0,0.0,0.0,2,-0.047619,-0.026285,-0.9999790004199915
2026-01_02,green hydrogen production,0.0,0.0,0.0,0.0,0,0.0,0.0,0.0
2026-03_04,green hydrogen production,0.234848,53.0,6.0,0.285714,1,0.285714,0.234848,285714.0
2026-05_06,green hydrogen production,0.284169,94.0,9.0,0.6,2,0.31428599999999995,0.049321000000000004,1.0999982500043752
2026-01_02,heavy duty transport,0.0,0.0,0.0,0.0,0,0.0,0.0,0.0
2026-03_04,heavy duty transport,0.065148,14.0,2.0,0.095238,1,0.095238,0.065148,95238.00000000001
2026-05_06,heavy duty transport,0.059923,12.0,2.0,0.133333,2,0.038095000000000004,-0.0052250000000000005,0.39999370005984947
2026-01_02,heavy duty trucks steel,0.011569,3.0,2.0,0.095238,0,0.0,0.0,95238.00000000001
2026-03_04,heavy duty trucks steel,0.0,0.0,0.0,0.0,1,-0.095238,-0.011569,-0.9999895000997491
2026-05_06,heavy duty trucks steel,0.0,0.0,0.0,0.0,2,0.0,0.0,0.0
2026-01_02,high pressure hydrogen,0.032335,6.0,2.0,0.095238,0,0.0,0.0,95238.00000000001
2026-03_04,high pressure hydrogen,0.061402,9.0,2.0,0.095238,1,0.0,0.029066999999999996,0.0
2026-05_06,high pressure hydrogen,0.025879,6.0,3.0,0.2,2,0.10476200000000001,-0.035523,1.0999905500897742
2026-01_02,high pressure hydrogen cylinders,0.032335,6.0,2.0,0.095238,0,0.0,0.0,95238.00000000001
2026-03_04,high pressure hydrogen cylinders,0.0,0.0,0.0,0.0,1,-0.095238,-0.032335,-0.9999895000997491
2026-05_06,high pressure hydrogen cylinders,0.0,0.0,0.0,0.0,2,0.0,0.0,0.0
2026-01_02,high pressure hydrogen storage,0.0,0.0,0.0,0.0,0,0.0,0.0,0.0
2026-03_04,high pressure hydrogen storage,0.0,0.0,0.0,0.0,1,0.0,0.0,0.0
2026-05_06,high pressure hydrogen storage,0.021298,5.0,2.0,0.133333,2,0.133333,0.021298,133333.0
2026-01_02,high pressure storage,0.0,0.0,0.0,0.0,0,0.0,0.0,0.0
2026-03_04,high pressure storage,0.0,0.0,0.0,0.0,1,0.0,0.0,0.0
2026-05_06,high pressure storage,0.099321,18.0,3.0,0.2,2,0.2,0.099321,200000.00000000003
2026-01_02,high pressure storage solutions,0.0,0.0,0.0,0.0,0,0.0,0.0,0.0
2026-03_04,high pressure storage solutions,0.0,0.0,0.0,0.0,1,0.0,0.0,0.0
2026-05_06,high pressure storage solutions,0.062371,9.0,2.0,0.133333,2,0.133333,0.062371,133333.0
2026-01_02,humming hydrogen,0.063828,14.0,2.0,0.095238,0,0.0,0.0,95238.00000000001
2026-03_04,humming hydrogen,0.0,0.0,0.0,0.0,1,-0.095238,-0.063828,-0.9999895000997491
2026-05_06,humming hydrogen,0.0,0.0,0.0,0.0,2,0.0,0.0,0.0
2026-01_02,hydrogen aircraft,0.0,0.0,0.0,0.0,0,0.0,0.0,0.0
2026-03_04,hydrogen aircraft,0.0,0.0,0.0,0.0,1,0.0,0.0,0.0
2026-05_06,hydrogen aircraft,0.103679,17.0,2.0,0.133333,2,0.133333,0.103679,133333.0
2026-01_02,hydrogen allocation,0.171153,31.0,2.0,0.095238,0,0.0,0.0,95238.00000000001
2026-03_04,hydrogen allocation,0.0,0.0,0.0,0.0,1,-0.095238,-0.171153,-0.9999895000997491
2026-05_06,hydrogen allocation,0.0,0.0,0.0,0.0,2,0.0,0.0,0.0
2026-01_02,hydrogen allocation rounds,0.171153,31.0,2.0,0.095238,0,0.0,0.0,95238.00000000001
2026-03_04,hydrogen allocation rounds,0.0,0.0,0.0,0.0,1,-0.095238,-0.171153,-0.9999895000997491
2026-05_06,hydrogen allocation rounds,0.0,0.0,0.0,0.0,2,0.0,0.0,0.0
2026-01_02,hydrogen ambitions,0.0,0.0,0.0,0.0,0,0.0,0.0,0.0
2026-03_04,hydrogen ambitions,0.092957,9.0,2.0,0.095238,1,0.095238,0.092957,95238.00000000001
2026-05_06,hydrogen ambitions,0.0,0.0,0.0,0.0,2,-0.095238,-0.092957,-0.9999895000997491
2026-01_02,hydrogen aviation,0.0,0.0,0.0,0.0,0,0.0,0.0,0.0
2026-03_04,hydrogen aviation,0.0,0.0,0.0,0.0,1,0.0,0.0,0.0
2026-05_06,hydrogen aviation,0.145756,26.0,2.0,0.133333,2,0.133333,0.145756,133333.0
2026-01_02,hydrogen car,0.070285,11.0,5.0,0.238095,0,0.0,0.0,238095.0
2026-03_04,hydrogen car,0.0,0.0,0.0,0.0,1,-0.238095,-0.070285,-0.9999958000134399
2026-05_06,hydrogen car,0.0,0.0,0.0,0.0,2,0.0,0.0,0.0
2026-01_02,hydrogen combustion,0.0,0.0,0.0,0.0,0,0.0,0.0,0.0
2026-03_04,hydrogen combustion,0.0,0.0,0.0,0.0,1,0.0,0.0,0.0
2026-05_06,hydrogen combustion,0.154608,29.0,3.0,0.2,2,0.2,0.154608,200000.00000000003
2026-01_02,hydrogen costs,0.106765,19.0,2.0,0.095238,0,0.0,0.0,95238.00000000001
2026-03_04,hydrogen costs,0.088558,19.0,2.0,0.095238,1,0.0,-0.018207,0.0
2026-05_06,hydrogen costs,0.0,0.0,0.0,0.0,2,-0.095238,-0.088558,-0.9999895000997491
2026-01_02,hydrogen economy,0.203457,43.0,4.0,0.190476,0,0.0,0.0,190476.00000000003
2026-03_04,hydrogen economy,0.141425,27.0,2.0,0.095238,1,-0.095238,-0.062032000000000004,-0.49999737501115615
2026-05_06,hydrogen economy,0.115605,132.0,2.0,0.133333,2,0.038095000000000004,-0.025819999999999996,0.39999370005984947
2026-01_02,hydrogen electric,0.0,0.0,0.0,0.0,0,0.0,0.0,0.0
2026-03_04,hydrogen electric,0.127656,5.0,1.0,0.047619,1,0.047619,0.127656,47619.00000000001
2026-05_06,hydrogen electric,0.0,0.0,0.0,0.0,2,-0.047619,-0.127656,-0.9999790004199915
2026-01_02,hydrogen energy,0.100351,16.0,2.0,0.095238,0,0.0,0.0,95238.00000000001
2026-03_04,hydrogen energy,0.0,0.0,0.0,0.0,1,-0.095238,-0.100351,-0.9999895000997491
2026-05_06,hydrogen energy,0.290272,58.0,5.0,0.333333,2,0.333333,0.290272,333333.0
2026-01_02,hydrogen fuel,0.608577,196.0,15.0,0.714286,0,0.0,0.0,714286.0
2026-03_04,hydrogen fuel,0.547018,178.0,11.0,0.52381,1,-0.19047599999999998,-0.06155900000000003,-0.2666659200013439
2026-05_06,hydrogen fuel,0.285999,285.0,10.0,0.666667,2,0.142857,-0.261019,0.2727262314078933
2026-01_02,hydrogen fuel cell,0.2988,45.0,6.0,0.285714,0,0.0,0.0,285714.0
2026-03_04,hydrogen fuel cell,0.291193,67.0,4.0,0.190476,1,-0.09523800000000002,-0.00760700000000003,-0.3333321666695833
2026-05_06,hydrogen fuel cell,0.0,0.0,0.0,0.0,2,-0.190476,-0.291193,-0.9999947500223124
2026-01_02,hydrogen fuel cell technology,0.212374,26.0,4.0,0.190476,0,0.0,0.0,190476.00000000003
2026-03_04,hydrogen fuel cell technology,0.0,0.0,0.0,0.0,1,-0.190476,-0.212374,-0.9999947500223124
2026-05_06,hydrogen fuel cell technology,0.0,0.0,0.0,0.0,2,0.0,0.0,0.0
2026-01_02,hydrogen fuel cells,0.443991,135.0,11.0,0.52381,0,0.0,0.0,523810.00000000006
2026-03_04,hydrogen fuel cells,0.420755,103.0,6.0,0.285714,1,-0.23809599999999997,-0.023236000000000034,-0.4545456280986845
2026-05_06,hydrogen fuel cells,0.212095,58.0,6.0,0.4,2,0.114286,-0.20865999999999998,0.3999999999999999
2026-01_02,hydrogen gear,0.120982,24.0,2.0,0.095238,0,0.0,0.0,95238.00000000001
2026-03_04,hydrogen gear,0.0,0.0,0.0,0.0,1,-0.095238,-0.120982,-0.9999895000997491
2026-05_06,hydrogen gear,0.0,0.0,0.0,0.0,2,0.0,0.0,0.0
2026-01_02,hydrogen hubs,0.195417,53.0,5.0,0.238095,0,0.0,0.0,238095.0
2026-03_04,hydrogen hubs,0.135552,26.0,3.0,0.142857,1,-0.09523799999999999,-0.059865,-0.39999832000537594
2026-05_06,hydrogen hubs,0.126308,16.0,2.0,0.133333,2,-0.009524000000000005,-0.009244000000000002,-0.06666759999440008
2026-01_02,hydrogen industry,0.0,0.0,0.0,0.0,0,0.0,0.0,0.0
2026-03_04,hydrogen industry,0.0,0.0,0.0,0.0,1,0.0,0.0,0.0
2026-05_06,hydrogen industry,0.219146,102.0,2.0,0.133333,2,0.133333,0.219146,133333.0
2026-01_02,hydrogen infrastructure,0.516674,182.0,15.0,0.714286,0,0.0,0.0,714286.0
2026-03_04,hydrogen infrastructure,0.559286,143.0,11.0,0.52381,1,-0.19047599999999998,0.04261199999999998,-0.2666659200013439
2026-05_06,hydrogen infrastructure,0.557295,209.0,13.0,0.866667,2,0.34285699999999997,-0.001990999999999965,0.6545433371960496
2026-01_02,hydrogen network,0.0,0.0,0.0,0.0,0,0.0,0.0,0.0
2026-03_04,hydrogen network,0.11065,13.0,2.0,0.095238,1,0.095238,0.11065,95238.00000000001
2026-05_06,hydrogen network,0.0,0.0,0.0,0.0,2,-0.095238,-0.11065,-0.9999895000997491
2026-01_02,hydrogen offtake,0.0,0.0,0.0,0.0,0,0.0,0.0,0.0
2026-03_04,hydrogen offtake,0.0,0.0,0.0,0.0,1,0.0,0.0,0.0
2026-05_06,hydrogen offtake,0.124861,28.0,3.0,0.2,2,0.2,0.124861,200000.00000000003
2026-01_02,hydrogen pilots,0.0,0.0,0.0,0.0,0,0.0,0.0,0.0
2026-03_04,hydrogen pilots,0.106211,19.0,2.0,0.095238,1,0.095238,0.106211,95238.00000000001
2026-05_06,hydrogen pilots,0.0,0.0,0.0,0.0,2,-0.095238,-0.106211,-0.9999895000997491
2026-01_02,hydrogen pipeline,0.039804,15.0,2.0,0.095238,0,0.0,0.0,95238.00000000001
2026-03_04,hydrogen pipeline,0.0,0.0,0.0,0.0,1,-0.095238,-0.039804,-0.9999895000997491
2026-05_06,hydrogen pipeline,0.0,0.0,0.0,0.0,2,0.0,0.0,0.0
2026-01_02,hydrogen policy,0.135073,24.0,2.0,0.095238,0,0.0,0.0,95238.00000000001
2026-03_04,hydrogen policy,0.0,0.0,0.0,0.0,1,-0.095238,-0.135073,-0.9999895000997491
2026-05_06,hydrogen policy,0.0,0.0,0.0,0.0,2,0.0,0.0,0.0
2026-01_02,hydrogen powered,0.276912,58.0,5.0,0.238095,0,0.0,0.0,238095.0
2026-03_04,hydrogen powered,0.0,0.0,0.0,0.0,1,-0.238095,-0.276912,-0.9999958000134399
2026-05_06,hydrogen powered,0.160971,42.0,5.0,0.333333,2,0.333333,0.160971,333333.0
2026-01_02,hydrogen production,0.35653,101.0,12.0,0.571429,0,0.0,0.0,571429.0
2026-03_04,hydrogen production,0.449127,140.0,13.0,0.619048,1,0.04761900000000008,0.09259699999999998,0.08333304166739608
2026-05_06,hydrogen production,0.486753,200.0,13.0,0.866667,2,0.24761899999999992,0.03762599999999999,0.39999903077139276
2026-01_02,hydrogen production methods,0.0,0.0,0.0,0.0,0,0.0,0.0,0.0
2026-03_04,hydrogen production methods,0.0,0.0,0.0,0.0,1,0.0,0.0,0.0
2026-05_06,hydrogen production methods,0.214969,46.0,5.0,0.333333,2,0.333333,0.214969,333333.0
2026-01_02,hydrogen racing,0.0,0.0,0.0,0.0,0,0.0,0.0,0.0
2026-03_04,hydrogen racing,0.0,0.0,0.0,0.0,1,0.0,0.0,0.0
2026-05_06,hydrogen racing,0.127293,20.0,2.0,0.133333,2,0.133333,0.127293,133333.0
2026-01_02,hydrogen ready,0.0,0.0,0.0,0.0,0,0.0,0.0,0.0
2026-03_04,hydrogen ready,0.122079,13.0,2.0,0.095238,1,0.095238,0.122079,95238.00000000001
2026-05_06,hydrogen ready,0.0,0.0,0.0,0.0,2,-0.095238,-0.122079,-0.9999895000997491
2026-01_02,hydrogen refueling,0.0,0.0,0.0,0.0,0,0.0,0.0,0.0
2026-03_04,hydrogen refueling,0.095873,14.0,2.0,0.095238,1,0.095238,0.095873,95238.00000000001
2026-05_06,hydrogen refueling,0.126148,28.0,4.0,0.266667,2,0.171429,0.03027500000000001,1.7999874001196985
2026-01_02,hydrogen refueling stations,0.0,0.0,0.0,0.0,0,0.0,0.0,0.0
2026-03_04,hydrogen refueling stations,0.0,0.0,0.0,0.0,1,0.0,0.0,0.0
2026-05_06,hydrogen refueling stations,0.116989,26.0,4.0,0.266667,2,0.266667,0.116989,266667.0
2026-01_02,hydrogen sector,0.211366,59.0,3.0,0.142857,0,0.0,0.0,142857.00000000003
2026-03_04,hydrogen sector,0.0,0.0,0.0,0.0,1,-0.142857,-0.211366,-0.9999930000419998
2026-05_06,hydrogen sector,0.123232,126.0,2.0,0.133333,2,0.133333,0.123232,133333.0
2026-01_02,hydrogen storage,0.066853,18.0,5.0,0.238095,0,0.0,0.0,238095.0
2026-03_04,hydrogen storage,0.552437,94.0,5.0,0.238095,1,0.0,0.48558399999999996,0.0
2026-05_06,hydrogen storage,0.348006,122.0,10.0,0.666667,2,0.428572,-0.20443099999999997,1.799996640010752
2026-01_02,hydrogen supply,0.0,0.0,0.0,0.0,0,0.0,0.0,0.0
2026-03_04,hydrogen supply,0.210473,32.0,4.0,0.190476,1,0.190476,0.210473,190476.00000000003
2026-05_06,hydrogen supply,0.120469,20.0,3.0,0.2,2,0.009524000000000005,-0.09000399999999999,0.050000787496653265
2026-01_02,hydrogen systems,0.0,0.0,0.0,0.0,0,0.0,0.0,0.0
2026-03_04,hydrogen systems,0.0,0.0,0.0,0.0,1,0.0,0.0,0.0
2026-05_06,hydrogen systems,0.142143,18.0,1.0,0.066667,2,0.066667,0.142143,66667.00000000001
2026-01_02,hydrogen technologies,0.153738,25.0,2.0,0.095238,0,0.0,0.0,95238.00000000001
2026-03_04,hydrogen technologies,0.0,0.0,0.0,0.0,1,-0.095238,-0.153738,-0.9999895000997491
2026-05_06,hydrogen technologies,0.0,0.0,0.0,0.0,2,0.0,0.0,0.0
2026-01_02,industrial,0.826873,395.0,19.0,0.904762,0,0.0,0.0,904762.0
2026-03_04,industrial,0.894187,336.0,14.0,0.666667,1,-0.23809499999999995,0.06731399999999998,-0.2631573130200947
2026-05_06,industrial,0.601337,322.0,11.0,0.733333,2,0.066666,-0.29284999999999994,0.09999880000239991
2026-01_02,industrial decarbonization,0.511032,160.0,13.0,0.619048,0,0.0,0.0,619048.0000000001
2026-03_04,industrial decarbonization,0.268452,75.0,11.0,0.52381,1,-0.09523800000000004,-0.24258000000000002,-0.1538456568058426
2026-05_06,industrial decarbonization,0.0,0.0,0.0,0.0,2,-0.52381,-0.268452,-0.999998090914471
2026-01_02,industrial demand,0.0,0.0,0.0,0.0,0,0.0,0.0,0.0
2026-03_04,industrial demand,0.139445,28.0,2.0,0.095238,1,0.095238,0.139445,95238.00000000001
2026-05_06,industrial demand,0.0,0.0,0.0,0.0,2,-0.095238,-0.139445,-0.9999895000997491
2026-01_02,industrial heat,0.03665,5.0,2.0,0.095238,0,0.0,0.0,95238.00000000001
2026-03_04,industrial heat,0.0,0.0,0.0,0.0,1,-0.095238,-0.03665,-0.9999895000997491
2026-05_06,industrial heat,0.0,0.0,0.0,0.0,2,0.0,0.0,0.0
2026-01_02,industrial hubs,0.125256,22.0,2.0,0.095238,0,0.0,0.0,95238.00000000001
2026-03_04,industrial hubs,0.06856,10.0,2.0,0.095238,1,0.0,-0.05669600000000001,0.0
2026-05_06,industrial hubs,0.0,0.0,0.0,0.0,2,-0.095238,-0.06856,-0.9999895000997491
2026-01_02,industrial infrastructure,0.0,0.0,0.0,0.0,0,0.0,0.0,0.0
2026-03_04,industrial infrastructure,0.0,0.0,0.0,0.0,1,0.0,0.0,0.0
2026-05_06,industrial infrastructure,0.085668,7.0,1.0,0.066667,2,0.066667,0.085668,66667.00000000001
2026-01_02,industrial parks,0.0,0.0,0.0,0.0,0,0.0,0.0,0.0
2026-03_04,industrial parks,0.0,0.0,0.0,0.0,1,0.0,0.0,0.0
2026-05_06,industrial parks,0.13026,16.0,2.0,0.133333,2,0.133333,0.13026,133333.0
2026-01_02,industrial processes,0.0,0.0,0.0,0.0,0,0.0,0.0,0.0
2026-03_04,industrial processes,0.0,0.0,0.0,0.0,1,0.0,0.0,0.0
2026-05_06,industrial processes,0.085665,22.0,2.0,0.133333,2,0.133333,0.085665,133333.0
2026-01_02,industrial scale,0.0,0.0,0.0,0.0,0,0.0,0.0,0.0
2026-03_04,industrial scale,0.147471,27.0,2.0,0.095238,1,0.095238,0.147471,95238.00000000001
2026-05_06,industrial scale,0.0,0.0,0.0,0.0,2,-0.095238,-0.147471,-0.9999895000997491
2026-01_02,industrial sites,0.0,0.0,0.0,0.0,0,0.0,0.0,0.0
2026-03_04,industrial sites,0.0,0.0,0.0,0.0,1,0.0,0.0,0.0
2026-05_06,industrial sites,0.181187,43.0,3.0,0.2,2,0.2,0.181187,200000.00000000003
2026-01_02,industrial users,0.0,0.0,0.0,0.0,0,0.0,0.0,0.0
2026-03_04,industrial users,0.0,0.0,0.0,0.0,1,0.0,0.0,0.0
2026-05_06,industrial users,0.088013,15.0,2.0,0.133333,2,0.133333,0.088013,133333.0
2026-01_02,industrial zones,0.0,0.0,0.0,0.0,0,0.0,0.0,0.0
2026-03_04,industrial zones,0.061241,12.0,2.0,0.095238,1,0.095238,0.061241,95238.00000000001
2026-05_06,industrial zones,0.0,0.0,0.0,0.0,2,-0.095238,-0.061241,-0.9999895000997491
2026-01_02,industry hydrogen,0.0,0.0,0.0,0.0,0,0.0,0.0,0.0
2026-03_04,industry hydrogen,0.0,0.0,0.0,0.0,1,0.0,0.0,0.0
2026-05_06,industry hydrogen,0.123843,48.0,2.0,0.133333,2,0.133333,0.123843,133333.0
2026-01_02,infrastructure,0.783104,341.0,17.0,0.809524,0,0.0,0.0,809524.0000000001
2026-03_04,infrastructure,0.903281,318.0,19.0,0.904762,1,0.09523799999999993,0.12017699999999998,0.11764676816651742
2026-05_06,infrastructure,0.0,0.0,0.0,0.0,2,-0.904762,-0.903281,-0.99999889473818
2026-01_02,infrastructure build,0.0,0.0,0.0,0.0,0,0.0,0.0,0.0
2026-03_04,infrastructure build,0.087714,12.0,2.0,0.095238,1,0.095238,0.087714,95238.00000000001
2026-05_06,infrastructure build,0.0,0.0,0.0,0.0,2,-0.095238,-0.087714,-0.9999895000997491
2026-01_02,infrastructure ecosystem,0.0,0.0,0.0,0.0,0,0.0,0.0,0.0
2026-03_04,infrastructure ecosystem,0.0,0.0,0.0,0.0,1,0.0,0.0,0.0
2026-05_06,infrastructure ecosystem,0.043287,7.0,1.0,0.066667,2,0.066667,0.043287,66667.00000000001
2026-01_02,infrastructure law,0.091349,13.0,2.0,0.095238,0,0.0,0.0,95238.00000000001
2026-03_04,infrastructure law,0.0,0.0,0.0,0.0,1,-0.095238,-0.091349,-0.9999895000997491
2026-05_06,infrastructure law,0.0,0.0,0.0,0.0,2,0.0,0.0,0.0
2026-01_02,infrastructure pilot,0.0,0.0,0.0,0.0,0,0.0,0.0,0.0
2026-03_04,infrastructure pilot,0.100031,9.0,1.0,0.047619,1,0.047619,0.100031,47619.00000000001
2026-05_06,infrastructure pilot,0.0,0.0,0.0,0.0,2,-0.047619,-0.100031,-0.9999790004199915
2026-01_02,infrastructure readiness,0.078342,23.0,2.0,0.095238,0,0.0,0.0,95238.00000000001
2026-03_04,infrastructure readiness,0.0,0.0,0.0,0.0,1,-0.095238,-0.078342,-0.9999895000997491
2026-05_06,infrastructure readiness,0.0,0.0,0.0,0.0,2,0.0,0.0,0.0
2026-01_02,large scale hydrogen,0.0,0.0,0.0,0.0,0,0.0,0.0,0.0
2026-03_04,large scale hydrogen,0.1632,18.0,2.0,0.095238,1,0.095238,0.1632,95238.00000000001
2026-05_06,large scale hydrogen,0.0,0.0,0.0,0.0,2,-0.095238,-0.1632,-0.9999895000997491
2026-01_02,latest clean hydrogen,0.0,0.0,0.0,0.0,0,0.0,0.0,0.0
2026-03_04,latest clean hydrogen,0.0,0.0,0.0,0.0,1,0.0,0.0,0.0
2026-05_06,latest clean hydrogen,0.009902,2.0,2.0,0.133333,2,0.133333,0.009902,133333.0
2026-01_02,liquid,0.118608,26.0,3.0,0.142857,0,0.0,0.0,142857.00000000003
2026-03_04,liquid,0.108608,18.0,2.0,0.095238,1,-0.04761900000000001,-0.010000000000000009,-0.33333100001399996
2026-05_06,liquid,0.416571,119.0,7.0,0.466667,2,0.371429,0.30796300000000004,3.899967450309221
2026-01_02,liquid hydrogen,0.0,0.0,0.0,0.0,0,0.0,0.0,0.0
2026-03_04,liquid hydrogen,0.0,0.0,0.0,0.0,1,0.0,0.0,0.0
2026-05_06,liquid hydrogen,0.426548,102.0,5.0,0.333333,2,0.333333,0.426548,333333.0
2026-01_02,liquid hydrogen storage,0.0,0.0,0.0,0.0,0,0.0,0.0,0.0
2026-03_04,liquid hydrogen storage,0.0,0.0,0.0,0.0,1,0.0,0.0,0.0
2026-05_06,liquid hydrogen storage,0.151409,28.0,3.0,0.2,2,0.2,0.151409,200000.00000000003
2026-01_02,low carbon hydrogen,0.317198,77.0,3.0,0.142857,0,0.0,0.0,142857.00000000003
2026-03_04,low carbon hydrogen,0.0,0.0,0.0,0.0,1,-0.142857,-0.317198,-0.9999930000419998
2026-05_06,low carbon hydrogen,0.115374,21.0,3.0,0.2,2,0.2,0.115374,200000.00000000003
2026-01_02,make hydrogen,0.0,0.0,0.0,0.0,0,0.0,0.0,0.0
2026-03_04,make hydrogen,0.0,0.0,0.0,0.0,1,0.0,0.0,0.0
2026-05_06,make hydrogen,0.004978,2.0,2.0,0.133333,2,0.133333,0.004978,133333.0
2026-01_02,mapping hydrogen,0.057327,19.0,1.0,0.047619,0,0.0,0.0,47619.00000000001
2026-03_04,mapping hydrogen,0.0,0.0,0.0,0.0,1,-0.047619,-0.057327,-0.9999790004199915
2026-05_06,mapping hydrogen,0.0,0.0,0.0,0.0,2,0.0,0.0,0.0
2026-01_02,michigan geologic hydrogen,0.028345,7.0,2.0,0.095238,0,0.0,0.0,95238.00000000001
2026-03_04,michigan geologic hydrogen,0.0,0.0,0.0,0.0,1,-0.095238,-0.028345,-0.9999895000997491
2026-05_06,michigan geologic hydrogen,0.0,0.0,0.0,0.0,2,0.0,0.0,0.0
2026-01_02,michigan geologic hydrogen exploration,0.021286,4.0,2.0,0.095238,0,0.0,0.0,95238.00000000001
2026-03_04,michigan geologic hydrogen exploration,0.0,0.0,0.0,0.0,1,-0.095238,-0.021286,-0.9999895000997491
2026-05_06,michigan geologic hydrogen exploration,0.0,0.0,0.0,0.0,2,0.0,0.0,0.0
2026-01_02,national hydrogen,0.053921,21.0,2.0,0.095238,0,0.0,0.0,95238.00000000001
2026-03_04,national hydrogen,0.0,0.0,0.0,0.0,1,-0.095238,-0.053921,-0.9999895000997491
2026-05_06,national hydrogen,0.055054,10.0,2.0,0.133333,2,0.133333,0.055054,133333.0
2026-01_02,pem fuel cell,0.168236,29.0,2.0,0.095238,0,0.0,0.0,95238.00000000001
2026-03_04,pem fuel cell,0.0,0.0,0.0,0.0,1,-0.095238,-0.168236,-0.9999895000997491
2026-05_06,pem fuel cell,0.079794,13.0,2.0,0.133333,2,0.133333,0.079794,133333.0
2026-01_02,pilot production,0.0,0.0,0.0,0.0,0,0.0,0.0,0.0
2026-03_04,pilot production,0.0,0.0,0.0,0.0,1,0.0,0.0,0.0
2026-05_06,pilot production,0.119087,20.0,2.0,0.133333,2,0.133333,0.119087,133333.0
2026-01_02,pipeline,0.219861,69.0,5.0,0.238095,0,0.0,0.0,238095.0
2026-03_04,pipeline,0.637012,113.0,6.0,0.285714,1,0.04761900000000002,0.41715100000000005,0.19999916000268803
2026-05_06,pipeline,0.205271,42.0,2.0,0.133333,2,-0.15238100000000002,-0.43174100000000004,-0.5333321666695833
2026-01_02,pipelines storage,0.167743,39.0,2.0,0.095238,0,0.0,0.0,95238.00000000001
2026-03_04,pipelines storage,0.0,0.0,0.0,0.0,1,-0.095238,-0.167743,-0.9999895000997491
2026-05_06,pipelines storage,0.0,0.0,0.0,0.0,2,0.0,0.0,0.0
2026-01_02,power generation,0.03665,5.0,2.0,0.095238,0,0.0,0.0,95238.00000000001
2026-03_04,power generation,0.0,0.0,0.0,0.0,1,-0.095238,-0.03665,-0.9999895000997491
2026-05_06,power generation,0.0,0.0,0.0,0.0,2,0.0,0.0,0.0
2026-01_02,pressure hydrogen,0.032335,6.0,2.0,0.095238,0,0.0,0.0,95238.00000000001
2026-03_04,pressure hydrogen,0.061402,9.0,2.0,0.095238,1,0.0,0.029066999999999996,0.0
2026-05_06,pressure hydrogen,0.025879,6.0,3.0,0.2,2,0.10476200000000001,-0.035523,1.0999905500897742
2026-01_02,pressure hydrogen cylinders,0.032335,6.0,2.0,0.095238,0,0.0,0.0,95238.00000000001
2026-03_04,pressure hydrogen cylinders,0.0,0.0,0.0,0.0,1,-0.095238,-0.032335,-0.9999895000997491
2026-05_06,pressure hydrogen cylinders,0.0,0.0,0.0,0.0,2,0.0,0.0,0.0
2026-01_02,pressure hydrogen storage,0.0,0.0,0.0,0.0,0,0.0,0.0,0.0
2026-03_04,pressure hydrogen storage,0.0,0.0,0.0,0.0,1,0.0,0.0,0.0
2026-05_06,pressure hydrogen storage,0.021298,5.0,2.0,0.133333,2,0.133333,0.021298,133333.0
2026-01_02,pressure storage,0.0,0.0,0.0,0.0,0,0.0,0.0,0.0
2026-03_04,pressure storage,0.0,0.0,0.0,0.0,1,0.0,0.0,0.0
2026-05_06,pressure storage,0.099321,18.0,3.0,0.2,2,0.2,0.099321,200000.00000000003
2026-01_02,pressure storage solutions,0.0,0.0,0.0,0.0,0,0.0,0.0,0.0
2026-03_04,pressure storage solutions,0.0,0.0,0.0,0.0,1,0.0,0.0,0.0
2026-05_06,pressure storage solutions,0.062371,9.0,2.0,0.133333,2,0.133333,0.062371,133333.0
2026-01_02,produce hydrogen,0.0,0.0,0.0,0.0,0,0.0,0.0,0.0
2026-03_04,produce hydrogen,0.0,0.0,0.0,0.0,1,0.0,0.0,0.0
2026-05_06,produce hydrogen,0.102301,33.0,2.0,0.133333,2,0.133333,0.102301,133333.0
2026-01_02,producing green hydrogen,0.0,0.0,0.0,0.0,0,0.0,0.0,0.0
2026-03_04,producing green hydrogen,0.0,0.0,0.0,0.0,1,0.0,0.0,0.0
2026-05_06,producing green hydrogen,0.098046,27.0,3.0,0.2,2,0.2,0.098046,200000.00000000003
2026-01_02,production,0.596459,244.0,18.0,0.857143,0,0.0,0.0,857143.0
2026-03_04,production,0.815586,326.0,19.0,0.904762,1,0.04761899999999997,0.21912700000000007,0.055555425926098634
2026-05_06,production,0.776692,355.0,14.0,0.933333,2,0.028571000000000013,-0.038893999999999984,0.03157843545768335
2026-01_02,production costs,0.066146,12.0,2.0,0.095238,0,0.0,0.0,95238.00000000001
2026-03_04,production costs,0.0,0.0,0.0,0.0,1,-0.095238,-0.066146,-0.9999895000997491
2026-05_06,production costs,0.0,0.0,0.0,0.0,2,0.0,0.0,0.0
2026-01_02,production hubs,0.0,0.0,0.0,0.0,0,0.0,0.0,0.0
2026-03_04,production hubs,0.0,0.0,0.0,0.0,1,0.0,0.0,0.0
2026-05_06,production hubs,0.14296,17.0,2.0,0.133333,2,0.133333,0.14296,133333.0
2026-01_02,production industrial,0.0,0.0,0.0,0.0,0,0.0,0.0,0.0
2026-03_04,production industrial,0.0306,1.0,1.0,0.047619,1,0.047619,0.0306,47619.00000000001
2026-05_06,production industrial,0.0,0.0,0.0,0.0,2,-0.047619,-0.0306,-0.9999790004199915
2026-01_02,production methods,0.0,0.0,0.0,0.0,0,0.0,0.0,0.0
2026-03_04,production methods,0.0,0.0,0.0,0.0,1,0.0,0.0,0.0
2026-05_06,production methods,0.214969,46.0,5.0,0.333333,2,0.333333,0.214969,333333.0
2026-01_02,production plants,0.0,0.0,0.0,0.0,0,0.0,0.0,0.0
2026-03_04,production plants,0.046121,7.0,2.0,0.095238,1,0.095238,0.046121,95238.00000000001
2026-05_06,production plants,0.0,0.0,0.0,0.0,2,-0.095238,-0.046121,-0.9999895000997491
2026-01_02,production ramps,0.0,0.0,0.0,0.0,0,0.0,0.0,0.0
2026-03_04,production ramps,0.082502,13.0,2.0,0.095238,1,0.095238,0.082502,95238.00000000001
2026-05_06,production ramps,0.0,0.0,0.0,0.0,2,-0.095238,-0.082502,-0.9999895000997491
2026-01_02,production sites,0.0,0.0,0.0,0.0,0,0.0,0.0,0.0
2026-03_04,production sites,0.042649,7.0,2.0,0.095238,1,0.095238,0.042649,95238.00000000001
2026-05_06,production sites,0.0,0.0,0.0,0.0,2,-0.095238,-0.042649,-0.9999895000997491
2026-01_02,production storage,0.0,0.0,0.0,0.0,0,0.0,0.0,0.0
2026-03_04,production storage,0.0,0.0,0.0,0.0,1,0.0,0.0,0.0
2026-05_06,production storage,0.148517,25.0,2.0,0.133333,2,0.133333,0.148517,133333.0
2026-01_02,production tax,0.043454,9.0,2.0,0.095238,0,0.0,0.0,95238.00000000001
2026-03_04,production tax,0.0,0.0,0.0,0.0,1,-0.095238,-0.043454,-0.9999895000997491
2026-05_06,production tax,0.0,0.0,0.0,0.0,2,0.0,0.0,0.0
2026-01_02,pure hydrogen,0.062417,11.0,3.0,0.142857,0,0.0,0.0,142857.00000000003
2026-03_04,pure hydrogen,0.0,0.0,0.0,0.0,1,-0.142857,-0.062417,-0.9999930000419998
2026-05_06,pure hydrogen,0.0,0.0,0.0,0.0,2,0.0,0.0,0.0
2026-01_02,rapid refueling,0.0,0.0,0.0,0.0,0,0.0,0.0,0.0
2026-03_04,rapid refueling,0.0,0.0,0.0,0.0,1,0.0,0.0,0.0
2026-05_06,rapid refueling,0.111952,18.0,2.0,0.133333,2,0.133333,0.111952,133333.0
2026-01_02,refuel,0.06068,10.0,2.0,0.095238,0,0.0,0.0,95238.00000000001
2026-03_04,refuel,0.065646,6.0,2.0,0.095238,1,0.0,0.004965999999999998,0.0
2026-05_06,refuel,0.0,0.0,0.0,0.0,2,-0.095238,-0.065646,-0.9999895000997491
2026-01_02,refueling,0.361973,115.0,7.0,0.333333,0,0.0,0.0,333333.0
2026-03_04,refueling,0.288341,65.0,7.0,0.333333,1,0.0,-0.07363199999999998,0.0
2026-05_06,refueling,0.521973,192.0,10.0,0.666667,2,0.333334,0.233632,1.0000000000000004
2026-01_02,refueling infrastructure,0.0,0.0,0.0,0.0,0,0.0,0.0,0.0
2026-03_04,refueling infrastructure,0.0,0.0,0.0,0.0,1,0.0,0.0,0.0
2026-05_06,refueling infrastructure,0.074392,17.0,2.0,0.133333,2,0.133333,0.074392,133333.0
2026-01_02,refueling network,0.0,0.0,0.0,0.0,0,0.0,0.0,0.0
2026-03_04,refueling network,0.087937,10.0,2.0,0.095238,1,0.095238,0.087937,95238.00000000001
2026-05_06,refueling network,0.0,0.0,0.0,0.0,2,-0.095238,-0.087937,-0.9999895000997491
2026-01_02,refueling networks,0.0,0.0,0.0,0.0,0,0.0,0.0,0.0
2026-03_04,refueling networks,0.130738,14.0,2.0,0.095238,1,0.095238,0.130738,95238.00000000001
2026-05_06,refueling networks,0.0,0.0,0.0,0.0,2,-0.095238,-0.130738,-0.9999895000997491
2026-01_02,refueling protocols,0.0,0.0,0.0,0.0,0,0.0,0.0,0.0
2026-03_04,refueling protocols,0.0,0.0,0.0,0.0,1,0.0,0.0,0.0
2026-05_06,refueling protocols,0.057344,11.0,2.0,0.133333,2,0.133333,0.057344,133333.0
2026-01_02,refueling stations,0.133621,44.0,2.0,0.095238,0,0.0,0.0,95238.00000000001
2026-03_04,refueling stations,0.079979,17.0,2.0,0.095238,1,0.0,-0.053641999999999995,0.0
2026-05_06,refueling stations,0.229292,80.0,8.0,0.533333,2,0.43809499999999996,0.149313,4.599953800438895
2026-01_02,refueling think,0.0,0.0,0.0,0.0,0,0.0,0.0,0.0
2026-03_04,refueling think,0.069187,13.0,2.0,0.095238,1,0.095238,0.069187,95238.00000000001
2026-05_06,refueling think,0.0,0.0,0.0,0.0,2,-0.095238,-0.069187,-0.9999895000997491
2026-01_02,refuelling,0.188836,32.0,2.0,0.095238,0,0.0,0.0,95238.00000000001
2026-03_04,refuelling,0.0,0.0,0.0,0.0,1,-0.095238,-0.188836,-0.9999895000997491
2026-05_06,refuelling,0.0,0.0,0.0,0.0,2,0.0,0.0,0.0
2026-01_02,reliable hydrogen,0.0,0.0,0.0,0.0,0,0.0,0.0,0.0
2026-03_04,reliable hydrogen,0.0,0.0,0.0,0.0,1,0.0,0.0,0.0
2026-05_06,reliable hydrogen,0.05982,17.0,2.0,0.133333,2,0.133333,0.05982,133333.0
2026-01_02,renewable hydrogen,0.0,0.0,0.0,0.0,0,0.0,0.0,0.0
2026-03_04,renewable hydrogen,0.259406,34.0,3.0,0.142857,1,0.142857,0.259406,142857.00000000003
2026-05_06,renewable hydrogen,0.043795,10.0,2.0,0.133333,2,-0.009524000000000005,-0.21561100000000002,-0.06666759999440008
2026-01_02,robust hydrogen,0.0,0.0,0.0,0.0,0,0.0,0.0,0.0
2026-03_04,robust hydrogen,0.0,0.0,0.0,0.0,1,0.0,0.0,0.0
2026-05_06,robust hydrogen,0.099063,25.0,2.0,0.133333,2,0.133333,0.099063,133333.0
2026-01_02,robust hydrogen infrastructure,0.0,0.0,0.0,0.0,0,0.0,0.0,0.0
2026-03_04,robust hydrogen infrastructure,0.0,0.0,0.0,0.0,1,0.0,0.0,0.0
2026-05_06,robust hydrogen infrastructure,0.099063,25.0,2.0,0.133333,2,0.133333,0.099063,133333.0
2026-01_02,scale hydrogen,0.0,0.0,0.0,0.0,0,0.0,0.0,0.0
2026-03_04,scale hydrogen,0.201434,28.0,3.0,0.142857,1,0.142857,0.201434,142857.00000000003
2026-05_06,scale hydrogen,0.0,0.0,0.0,0.0,2,-0.142857,-0.201434,-0.9999930000419998
2026-01_02,scale production,0.121326,17.0,2.0,0.095238,0,0.0,0.0,95238.00000000001
2026-03_04,scale production,0.0,0.0,0.0,0.0,1,-0.095238,-0.121326,-0.9999895000997491
2026-05_06,scale production,0.0,0.0,0.0,0.0,2,0.0,0.0,0.0
2026-01_02,scale storage,0.0,0.0,0.0,0.0,0,0.0,0.0,0.0
2026-03_04,scale storage,0.0,0.0,0.0,0.0,1,0.0,0.0,0.0
2026-05_06,scale storage,0.08297,15.0,2.0,0.133333,2,0.133333,0.08297,133333.0
2026-01_02,scaling hydrogen,0.0,0.0,0.0,0.0,0,0.0,0.0,0.0
2026-03_04,scaling hydrogen,0.111156,2.0,1.0,0.047619,1,0.047619,0.111156,47619.00000000001
2026-05_06,scaling hydrogen,0.0,0.0,0.0,0.0,2,-0.047619,-0.111156,-0.9999790004199915
2026-01_02,shipping,0.178375,44.0,5.0,0.238095,0,0.0,0.0,238095.0
2026-03_04,shipping,0.264713,61.0,6.0,0.285714,1,0.04761900000000002,0.08633799999999997,0.19999916000268803
2026-05_06,shipping,0.231026,82.0,5.0,0.333333,2,0.04761899999999997,-0.03368699999999997,0.1666660833347915
2026-01_02,steel,0.121666,32.0,5.0,0.238095,0,0.0,0.0,238095.0
2026-03_04,steel,0.160463,35.0,5.0,0.238095,1,0.0,0.038797,0.0
2026-05_06,steel,0.087906,21.0,4.0,0.266667,2,0.028571999999999986,-0.072557,0.12000201599354865
2026-01_02,steel mills,0.043586,11.0,3.0,0.142857,0,0.0,0.0,142857.00000000003
2026-03_04,steel mills,0.130484,22.0,3.0,0.142857,1,0.0,0.08689799999999999,0.0
2026-05_06,steel mills,0.0,0.0,0.0,0.0,2,-0.142857,-0.130484,-0.9999930000419998
2026-01_02,storage,0.431122,202.0,15.0,0.714286,0,0.0,0.0,714286.0
2026-03_04,storage,0.751014,239.0,15.0,0.714286,1,0.0,0.31989199999999995,0.0
2026-05_06,storage,0.821426,415.0,14.0,0.933333,2,0.219047,0.07041200000000003,0.30666524800255357
2026-01_02,storage solutions,0.018121,3.0,3.0,0.142857,0,0.0,0.0,142857.00000000003
2026-03_04,storage solutions,0.096873,23.0,4.0,0.190476,1,0.047618999999999995,0.078752,0.33333100001399996
2026-05_06,storage solutions,0.253008,70.0,8.0,0.533333,2,0.34285699999999997,0.15613500000000002,1.7999916000356997
2026-01_02,storage solutions growing,0.018121,3.0,3.0,0.142857,0,0.0,0.0,142857.00000000003
2026-03_04,storage solutions growing,0.010182,2.0,2.0,0.095238,1,-0.04761900000000001,-0.007939000000000002,-0.33333100001399996
2026-05_06,storage solutions growing,0.007016,2.0,2.0,0.133333,2,0.038095000000000004,-0.0031660000000000004,0.39999370005984947
2026-01_02,storage tanks,0.0,0.0,0.0,0.0,0,0.0,0.0,0.0
2026-03_04,storage tanks,0.056551,10.0,2.0,0.095238,1,0.095238,0.056551,95238.00000000001
2026-05_06,storage tanks,0.0,0.0,0.0,0.0,2,-0.095238,-0.056551,-0.9999895000997491
2026-01_02,sustainable aviation,0.186293,30.0,3.0,0.142857,0,0.0,0.0,142857.00000000003
2026-03_04,sustainable aviation,0.0,0.0,0.0,0.0,1,-0.142857,-0.186293,-0.9999930000419998
2026-05_06,sustainable aviation,0.0,0.0,0.0,0.0,2,0.0,0.0,0.0
2026-01_02,sustainable aviation fuel,0.138135,8.0,1.0,0.047619,0,0.0,0.0,47619.00000000001
2026-03_04,sustainable aviation fuel,0.0,0.0,0.0,0.0,1,-0.047619,-0.138135,-0.9999790004199915
2026-05_06,sustainable aviation fuel,0.0,0.0,0.0,0.0,2,0.0,0.0,0.0
2026-01_02,traditional hydrogen,0.055832,17.0,2.0,0.095238,0,0.0,0.0,95238.00000000001
2026-03_04,traditional hydrogen,0.0,0.0,0.0,0.0,1,-0.095238,-0.055832,-0.9999895000997491
2026-05_06,traditional hydrogen,0.0,0.0,0.0,0.0,2,0.0,0.0,0.0
2026-01_02,traditional hydrogen production,0.055832,17.0,2.0,0.095238,0,0.0,0.0,95238.00000000001
2026-03_04,traditional hydrogen production,0.0,0.0,0.0,0.0,1,-0.095238,-0.055832,-0.9999895000997491
2026-05_06,traditional hydrogen production,0.0,0.0,0.0,0.0,2,0.0,0.0,0.0
2026-01_02,transport,0.210708,46.0,7.0,0.333333,0,0.0,0.0,333333.0
2026-03_04,transport,0.316066,85.0,10.0,0.47619,1,0.142857,0.10535800000000001,0.4285701428597144
2026-05_06,transport,0.236037,61.0,4.0,0.266667,2,-0.20952300000000001,-0.08002900000000002,-0.4399978160024024
2026-01_02,truck,0.230027,47.0,2.0,0.095238,0,0.0,0.0,95238.00000000001
2026-03_04,truck,0.0,0.0,0.0,0.0,1,-0.095238,-0.230027,-0.9999895000997491
2026-05_06,truck,0.081293,14.0,2.0,0.133333,2,0.133333,0.081293,133333.0
2026-01_02,trucks steel,0.011569,3.0,2.0,0.095238,0,0.0,0.0,95238.00000000001
2026-03_04,trucks steel,0.0,0.0,0.0,0.0,1,-0.095238,-0.011569,-0.9999895000997491
2026-05_06,trucks steel,0.0,0.0,0.0,0.0,2,0.0,0.0,0.0
2026-01_02,trucks steel mills,0.011569,3.0,2.0,0.095238,0,0.0,0.0,95238.00000000001
2026-03_04,trucks steel mills,0.0,0.0,0.0,0.0,1,-0.095238,-0.011569,-0.9999895000997491
2026-05_06,trucks steel mills,0.0,0.0,0.0,0.0,2,0.0,0.0,0.0
2026-01_02,turbine,0.05862,11.0,2.0,0.095238,0,0.0,0.0,95238.00000000001
2026-03_04,turbine,0.061766,7.0,2.0,0.095238,1,0.0,0.003146000000000003,0.0
2026-05_06,turbine,0.0,0.0,0.0,0.0,2,-0.095238,-0.061766,-0.9999895000997491
2026-01_02,units hydrogen,0.0,0.0,0.0,0.0,0,0.0,0.0,0.0
2026-03_04,units hydrogen,0.036916,2.0,1.0,0.047619,1,0.047619,0.036916,47619.00000000001
2026-05_06,units hydrogen,0.0,0.0,0.0,0.0,2,-0.047619,-0.036916,-0.9999790004199915
2026-01_02,unless production,0.0,0.0,0.0,0.0,0,0.0,0.0,0.0
2026-03_04,unless production,0.058895,10.0,2.0,0.095238,1,0.095238,0.058895,95238.00000000001
2026-05_06,unless production,0.0,0.0,0.0,0.0,2,-0.095238,-0.058895,-0.9999895000997491
